mean_fit_time,std_fit_time,mean_score_time,std_score_time,param_learn__max_depth,param_learn__n_estimators,params,split0_test_score,split1_test_score,split2_test_score,mean_test_score,std_test_score,rank_test_score,split0_train_score,split1_train_score,split2_train_score,mean_train_score,std_train_score
0.1939229965209961,0.006849304661807554,0.01546780268351237,0.0007371444000429733,10,100,"{'learn__max_depth': 10, 'learn__n_estimators': 100}",-5.718559454591572,-1.7331000750028316,-3.148909520436807,-3.5335230166770706,1.6496297105119453,1,-2.1929870616173313,-4.0112778644331035,-3.6317925990912254,-3.278685841713887,0.7831809699255382
0.25606338183085126,0.031708879924847486,0.015701770782470703,0.0008210566335163346,,100,"{'learn__max_depth': None, 'learn__n_estimators': 100}",-6.1688942395948745,-1.7904527154519243,-3.25209437001955,-3.7371471083554497,1.820099752634486,2,-1.8825012214621504,-3.8995796103225655,-3.613654153901194,-3.1319116618953036,0.891144648997369
